id,activity,application,application_id,attachments,author.accent_color,author.avatar,author.avatar_decoration_data.asset,author.avatar_decoration_data.expires_at,author.avatar_decoration_data.sku_id,author.banner,author.banner_color,author.clan,author.collectibles,author.discriminator,author.display_name_styles,author.flags,author.global_name,author.id,author.primary_guild,author.public_flags,author.username,call,channel_id,components,content,date,edited_timestamp,embeds,embeds.0.author.name,embeds.0.author.url,embeds.0.color,embeds.0.content_scan_version,embeds.0.description,embeds.0.provider.name,embeds.0.provider.url,embeds.0.thumbnail.content_type,embeds.0.thumbnail.flags,embeds.0.thumbnail.height,embeds.0.thumbnail.placeholder,embeds.0.thumbnail.placeholder_version,embeds.0.thumbnail.proxy_url,embeds.0.thumbnail.url,embeds.0.thumbnail.width,embeds.0.title,embeds.0.type,embeds.0.url,embeds.0.video.flags,embeds.0.video.height,embeds.0.video.placeholder,embeds.0.video.placeholder_version,embeds.0.video.url,embeds.0.video.width,flags,interaction,mention_channels,mention_everyone,mentions,mentions.0.accent_color,mentions.0.avatar,mentions.0.avatar_decoration_data,mentions.0.avatar_decoration_data.asset,mentions.0.avatar_decoration_data.expires_at,mentions.0.avatar_decoration_data.sku_id,mentions.0.banner,mentions.0.banner_color,mentions.0.clan,mentions.0.clan.badge,mentions.0.clan.identity_enabled,mentions.0.clan.identity_guild_id,mentions.0.clan.tag,mentions.0.collectibles,mentions.0.collectibles.nameplate.asset,mentions.0.collectibles.nameplate.label,mentions.0.collectibles.nameplate.palette,mentions.0.collectibles.nameplate.sku_id,mentions.0.discriminator,mentions.0.display_name_styles,mentions.0.display_name_styles.colors.0,mentions.0.display_name_styles.colors.1,mentions.0.display_name_styles.effect_id,mentions.0.display_name_styles.font_id,mentions.0.flags,mentions.0.global_name,mentions.0.id,mentions.0.primary_guild,mentions.0.primary_guild.badge,mentions.0.primary_guild.identity_enabled,mentions.0.primary_guild.identity_guild_id,mentions.0.primary_guild.tag,mentions.0.public_flags,mentions.0.username,mentions.1.accent_color,mentions.1.avatar,mentions.1.avatar_decoration_data,mentions.1.avatar_decoration_data.asset,mentions.1.avatar_decoration_data.expires_at,mentions.1.avatar_decoration_data.sku_id,mentions.1.banner,mentions.1.banner_color,mentions.1.clan,mentions.1.clan.badge,mentions.1.clan.identity_enabled,mentions.1.clan.identity_guild_id,mentions.1.clan.tag,mentions.1.collectibles,mentions.1.collectibles.nameplate.asset,mentions.1.collectibles.nameplate.label,mentions.1.collectibles.nameplate.palette,mentions.1.collectibles.nameplate.sku_id,mentions.1.discriminator,mentions.1.display_name_styles,mentions.1.flags,mentions.1.global_name,mentions.1.id,mentions.1.primary_guild,mentions.1.primary_guild.badge,mentions.1.primary_guild.identity_enabled,mentions.1.primary_guild.identity_guild_id,mentions.1.primary_guild.tag,mentions.1.public_flags,mentions.1.username,mentions.2.accent_color,mentions.2.avatar,mentions.2.avatar_decoration_data,mentions.2.banner,mentions.2.banner_color,mentions.2.clan,mentions.2.collectibles,mentions.2.discriminator,mentions.2.display_name_styles,mentions.2.flags,mentions.2.global_name,mentions.2.id,mentions.2.primary_guild,mentions.2.public_flags,mentions.2.username,mentions.3.accent_color,mentions.3.avatar,mentions.3.avatar_decoration_data,mentions.3.banner,mentions.3.banner_color,mentions.3.clan,mentions.3.collectibles,mentions.3.discriminator,mentions.3.display_name_styles,mentions.3.flags,mentions.3.global_name,mentions.3.id,mentions.3.primary_guild,mentions.3.public_flags,mentions.3.username,message_reference,nonce,pinned,position,reactions,reactions.0.burst_colors,reactions.0.burst_count,reactions.0.burst_me,reactions.0.count,reactions.0.count_details.burst,reactions.0.count_details.normal,reactions.0.emoji.id,reactions.0.emoji.name,reactions.0.me,reactions.0.me_burst,referenced_message,resolved,role_subscription_data,sticker_items,stickers,thread,timestamp,tts,type,userName,webhook_id
1487210513447256215,,,,,,10d86e1edf4cdef16401c63ed4d57410,a_795f81ea071513ca4394a53e009792ac,,1413650166774366279,,,,,0,,64,Bizarro,707511200765968464,,64,bizarro12345,,1362063455301144720,,"━━━━━━━━━━━━━━━ 💡HOTFIX!  💡━━━━━━━━━━━━━━━

                  🚀 [v6.0.2] — March 27, 2026  🚀

Improvements •  Fixes •  Optimizations

━━━━━━━━━━━━━━━━━━━━━━━━━━━━━━━━━━━━━━━━━━━━━━━

Evadus+ 🟣
+ Added support math Math and Physics text using KaTex ( <@1278240829776990208> )
+ CMD window popping up should be fully fixed

Evadus Core 🔵
+ Fixed Overlay sometimes flashing once when hiding it ( <@1277133572381081600> )

Universal 🟡
+ Fixed updater sometimes using old file

(This hotfix is just to fix a few bugs before the next big update)",2026-03-27T22:03:37.441Z,,,,,,,,,,,,,,,,,,,,,,,,,,,0,,,false,,,cc6eb7d152b42396def608a98e1be1b3,,a_f3af281c65cf0cf590e9e1f59e9c6cf6,,1212569856189407352,,,,,,,,,,,,,0,,7183099,16580454,2,11,0,MIZO,1277133572381081600,,,,,,0,princetdm,,,,,,,,,,8e228078dc56d4ad8bdccb696d4e90be,true,181078474394566657,GTNH,,,,,,0,,0,poopyheadwarriorJark,1278240829776990208,,8e228078dc56d4ad8bdccb696d4e90be,true,181078474394566657,GTNH,0,poopyheadwarrior,,,,,,,,,,,,,,,,,,,,,,,,,,,,,,,,,false,,,,,,,,,,,,,,,,,,,2026-03-27T22:03:37.441000+00:00,false,0,bizarro12345,
1486866923001217128,,,,,,10d86e1edf4cdef16401c63ed4d57410,a_795f81ea071513ca4394a53e009792ac,,1413650166774366279,,,,,0,,64,Bizarro,707511200765968464,,64,bizarro12345,,1362063455301144720,,"━━━━━━━━━━━━━━━ 💡NEW UPDATE!  💡━━━━━━━━━━━━━━━

                  🚀 [v6.0.1] — March 27, 2026  🚀

Improvements •  Fixes •  Optimizations

━━━━━━━━━━━━━━━━━━━━━━━━━━━━━━━━━━━━━━━━━━━━━━━

Evadus+ 🟣
+ Fixed false MITM detection
+ API keys can now not be stolen by simple copy pasting  from inside the app (like if someone had remote access)
+ Added feature to first test your API key, to make sure it works
+ Added audio recording feature that can be sent to the AI ( <@1416954866076745849> ) 

Evadus Core 🔵
+ Custom text color selector for Dark Mode and Light mode ( <@212253516377489408> )

Universal 🟡
+ **ADDED OFFLINE MODE!**
+ A built in screen recorder, for if you want to make make cheating videos, or share the exam afterwards with other people ( <@1004057310580183070> )
+ Completely fixed the app sometimes not starting (finally found the root cause)

ALSO, a hotfix will be coming out tomorrow for the CMD window popping up, and BYOK for Evadus Core!",2026-03-26T23:18:19.095Z,2026-03-26T23:18:45.457000+00:00,,,,,,,,,,,,,,,,,,,,,,,,,,0,,,false,,,e6d05cb124d21495ce0b7cc8b65d987c,,,,,,,,,,,,,,,,,0,,,,,,0,xWhize,212253516377489408,,,,,,0,xwhize,,1efbaba8765363b7a8e573cfa508afea,,,,,,,,,,,,,,,,,0,,0,needhelp,1416954866076745849,,,,,,0,needhelp0133,,4e05384e862dbd173937b8a8b392ad8e,,,,,,0,,0,Greedy,1004057310580183070,,0,avaris__,,,,,,,,,,,,,,,,,,false,,,,,,,,,,,,,,,,,,,2026-03-26T23:18:19.095000+00:00,false,0,bizarro12345,
1486167141085352076,,,,,,10d86e1edf4cdef16401c63ed4d57410,a_795f81ea071513ca4394a53e009792ac,,1413650166774366279,,,,,0,,64,Bizarro,707511200765968464,,64,bizarro12345,,1362063455301144720,,"━━━━━━━━━━━━━━━ 💡NEW UPDATE!  💡━━━━━━━━━━━━━━━

                  🚀 [v6.0.0] — March 25, 2026  🚀

Improvements •  Fixes •  Optimizations

━━━━━━━━━━━━━━━━━━━━━━━━━━━━━━━━━━━━━━━━━━━━━━━

**V6 IS HERE BOYS!**

Evadus+ 🟣
+ Bring your API Key, available for everyone, **even if you don't have a subscription!**
+ Integrated AI chat can now be used for **free** with BYOK
+ Added opacity slider for the overlay ( <@212253516377489408>, I think, can't remember who exactly)
+ Fixed CMD window popping up ( <@401856627826884608> )
+ *Massively* improved startup time for the Virtual Environment
+ Fixed hotkeys that would sometimes not work
+ Server will fallback to our API keys if yours don't work

Evadus Core 🔵
+ Fixed hotkeys that would sometimes not get registered with invalid hotkeys ( <@502758310978781185> )
+ Free BYOK coming to Evadus Core next!

Universal 🟡
+ Refresh Token json file is now encrypted, and encryption is unique to each user (if your PC ever gets infected by malware they won't be able to steal anything)
+ API key file is encrypted with the same security ^
+ Added button to logout if the app hangs ( <@1004057310580183070> )",2026-03-25T00:57:38.085Z,,,,,,,,,,,,,,,,,,,,,,,,,,,0,,,false,,,e6d05cb124d21495ce0b7cc8b65d987c,,,,,,,,,,,,,,,,,0,,,,,,0,xWhize,212253516377489408,,,,,,0,xwhize,,8e0d4895cfe1f9cbf0b88de881c23f6e,,,,,,,,,,,,,,,,,0,,256,smurf3,401856627826884608,,,,,,256,.smurf3,,1cd134eb538591a5c28868b979dffad4,,,,,,0,,128,sefflish,502758310978781185,,128,sefflish,,4e05384e862dbd173937b8a8b392ad8e,,,,,,0,,0,Greedy,1004057310580183070,,0,avaris__,,,false,,,,,,,,,,,,,,,,,,,2026-03-25T00:57:38.085000+00:00,false,0,bizarro12345,
1485367649201557634,,,,,,10d86e1edf4cdef16401c63ed4d57410,a_795f81ea071513ca4394a53e009792ac,,1413650166774366279,,,,,0,,64,Bizarro,707511200765968464,,64,bizarro12345,,1362063455301144720,,"━━━━━━━━━━━━━━━ 💡NEW UPDATE!  💡━━━━━━━━━━━━━━━

                  🚀 [v5.3.1] — March 22, 2026  🚀

Improvements •  Fixes •  Optimizations

━━━━━━━━━━━━━━━━━━━━━━━━━━━━━━━━━━━━━━━━━━━━━━━

Evadus+ 🟣
+ Added feature to use Integrated AI chat whilst you're busy with an exam, without needing to tab out
+ Added mouse button support for hotkeys
+ Added more hidden processes, like Snipping Tool and Anti-glare film ( <@185559813516689408> )
+ Improved self-diagnostic section, with a step by step silver bullet fix

Evadus Core 🔵
+ Added hotkey to instantly take a screenshot and get an answer ( <@401856627826884608> )

Universal 🟡
+ **We now have an in-app updater, so you no longer need to use the separate file for updates**
+ Fixed Copy buttons not working for Room details ( <@1483166522917650585> )
+ Requires much less bandwidth with no resolution sacrifices ( <@1483166522917650585> )",2026-03-22T20:00:44.366Z,,,,,,,,,,,,,,,,,,,,,,,,,,,0,,,false,,,6a19e75108f5bb940d518fcfddcf81ad,,,,,,,,,,,,,,,,,0,,,,,,0,XEQT,185559813516689408,,,,,,0,boost7005,,8e0d4895cfe1f9cbf0b88de881c23f6e,,,,,,,,,,,,,,,,,0,,256,smurf3,401856627826884608,,,,,,256,.smurf3,,,,,,,,0,,0,al_bpl,1483166522917650585,,0,al_bpl_60968,,,,,,,,,,,,,,,,,,false,,,,,,,,,,,,,,,,,,,2026-03-22T20:00:44.366000+00:00,false,0,bizarro12345,
1484640432070594752,,,,,,10d86e1edf4cdef16401c63ed4d57410,a_795f81ea071513ca4394a53e009792ac,,1413650166774366279,,,,,0,,64,Bizarro,707511200765968464,,64,bizarro12345,,1362063455301144720,,"━━━━━━━━━━━━━━━ 💡NEW UPDATE!  💡━━━━━━━━━━━━━━━

                  🚀 [v5.3.0] — March 20, 2026  🚀

Improvements •  Fixes •  Optimizations

━━━━━━━━━━━━━━━━━━━━━━━━━━━━━━━━━━━━━━━━━━━━━━━

Evadus+ 🟣
+ Added custom snipping tool to Integrated AI Chat ( <@1004057310580183070> - <@740158906218840104> )
+ Added Light and Dark Mode toggler ( <@1241574826150203414>  )
+ Added Opacity Slider ( <@1241574826150203414> )

( This is not the big Evadus+ update I've been talking about, still coming don't worry)

Evadus Core 🔵
+ Added feature to use mouse buttons as hotkeys ( <@331991865995821056> )
+ Completely undetectable mouse button hotkeys (pretty hard but i got it working flawlessly)
+ Fixed Light mode text sometimes still being White

Installer ⚪
+ Fixed bug that prevent changing your username in the app (could still change it from the website, just a bit annoying)",2026-03-20T19:51:02.291Z,,,,,,,,,,,,,,,,,,,,,,,,,,,0,,,false,,,f3e20895b3d565f5ce02c8724840b1b2,,,,,,,,,,,,,,,,,0,,,,,,0,NoHacksJustGFuel,331991865995821056,,,,,,0,nohacksjustgfuel,,5bfdf60506003957d99daf49713a67ab,,,,,,,,,,,,,,,,,0,,0,yippie1111,740158906218840104,,,,,,0,yippie1111,,4e05384e862dbd173937b8a8b392ad8e,,,,,,0,,0,Greedy,1004057310580183070,,0,avaris__,,,,,,,,0,,0,John_Wide,1241574826150203414,,0,johnwide1.,,,false,,,,,,,,,,,,,,,,,,,2026-03-20T19:51:02.291000+00:00,false,0,bizarro12345,
1483846221410992181,,,,,,10d86e1edf4cdef16401c63ed4d57410,a_795f81ea071513ca4394a53e009792ac,,1413650166774366279,,,,,0,,64,Bizarro,707511200765968464,,64,bizarro12345,,1362063455301144720,,"━━━━━━━━━━━━━━━ 💡NEW UPDATE!  💡━━━━━━━━━━━━━━━

                  🚀 [v5.2.4] — March 18, 2026  🚀

Improvements •  Fixes •  Optimizations

━━━━━━━━━━━━━━━━━━━━━━━━━━━━━━━━━━━━━━━━━━━━━━━

Universal 🟡
+ Added support for 4k monitors and smaller ones ( <@1353305651744608306> )
+ Perfect app stability, shutdowns and startups, massively improved performance on lower end systems
+ UI overhaul finished, everything is now consistent with the website

This update is just to fix some small quirks with different size displays and different versions of Windows 10, app will now be incredibly fast, and much more stable.

Before the major upcoming Evadus+ update, I wanted to make sure the app is 100% optimized, now that it's ready, we can really start with some major improvements.

Stay Tuned!",2026-03-18T15:15:07.714Z,,,,,,,,,,,,,,,,,,,,,,,,,,,0,,,false,,,,,,,,,,,,,,,,,,,,0,,,,,,0,Fire_Breeze,1353305651744608306,,,,,,0,heyhey_30022,,,,,,,,,,,,,,,,,,,,,,,,,,,,,,,,,,,,,,,,,,,,,,,,,,,,,,,,,,,,,,,false,,,,,,,,,,,,,,,,,,,2026-03-18T15:15:07.714000+00:00,false,0,bizarro12345,
1482865650367205429,,,,,,10d86e1edf4cdef16401c63ed4d57410,a_795f81ea071513ca4394a53e009792ac,,1413650166774366279,,,,,0,,64,Bizarro,707511200765968464,,64,bizarro12345,,1362063455301144720,,"━━━━━━━━━━━━━━━ 💡NEW UPDATE!  💡━━━━━━━━━━━━━━━

                  🚀 [v5.2.0] — March 15, 2026  🚀

Improvements •  Fixes •  Optimizations

━━━━━━━━━━━━━━━━━━━━━━━━━━━━━━━━━━━━━━━━━━━━━━━

Evadus+ 🟣
+ Added more apps to hidden processes ( <@356728832973078528> )
+ C++ based loader, greatly improving latency and compatibility
+ Custom Targets saved to disk ( <@1198006209006022756> )
+ Logs folder to investigate failures, helping us bypass your proctor faster
+ RDP diagnostic section, to easily debug why RDP wrapper isn't working on your system ( <@1004057310580183070> )

Evadus Core 🔵
+ Overlay resizing for smaller displays ( <@810477071666905098> )

Universal 🟡
+ **COMPLETE UI OVERHAUL!**
+ **Much** faster app boot, shutdown and runtime
+ Optional uninstall for RDP Wrapper, making it no longer necessary to setup a PC after an update


**We have a very big Evadus+ update planned, stay tuned!**",2026-03-15T22:18:41.359Z,,,,,,,,,,,,,,,,,,,,,,,,,,,0,,,false,,,,,,,,,,,,,,,,,,,,0,,,,,,0,malmoez,356728832973078528,,,,,,0,malmoez,,fa29938eafc70c54c6fbdbfa85f113c6,,,,,,,,,,,,,,,,,0,,0,NoobMaster123,810477071666905098,,,,,,0,noobmaster1230539,,,,,,,,0,,0,j53521,1198006209006022756,,0,josh_53521,,4e05384e862dbd173937b8a8b392ad8e,,,,,,0,,0,Greedy,1004057310580183070,,0,avaris__,,,false,,,,,,,,,,,,,,,,,,,2026-03-15T22:18:41.359000+00:00,false,0,bizarro12345,
1481952142138019880,,,,,,10d86e1edf4cdef16401c63ed4d57410,a_795f81ea071513ca4394a53e009792ac,,1413650166774366279,,,,,0,,64,Bizarro,707511200765968464,,64,bizarro12345,,1362063455301144720,,"━━━━━━━━━━━━━━━ 💡NEW UPDATE!  💡━━━━━━━━━━━━━━━

                  🚀 [v5.1.0] — March 13, 2026  🚀

Improvements •  Fixes •  Optimizations

━━━━━━━━━━━━━━━━━━━━━━━━━━━━━━━━━━━━━━━━━━━━━━━

Evadus+ 🟣
+ Fixed bug that would cause integrated AI chat to show Invalid credentials
+ Added Zoom.exe and others to Hidden processes ( <@760084891822981130> & <@356728832973078528> )
+ Fixed keyboard layout assumption by the Integrated AI chat, now uses the host layout system

Universal 🟡
+ **NEW CUSTOM & UNDETECTABLE REMOTE ACCESS SOFTWARE!**
- Me and <@1004057310580183070> did some testing last night, works beautifully.
You can now use our Remote Control software instead of tools like Ultraviewer, TeamViewer and more, it's all integrated into the Evadus app you already have, and it's impossible to detect, unlike mainstream tools.

Installer ⚪
+ Optional Windows Defender Exclusion install ( <@1004057310580183070> )",2026-03-13T09:48:44.025Z,2026-03-13T09:50:08.680000+00:00,,,,,,,,,,,,,,,,,,,,,,,,,,0,,,false,,,,,,,,,,,,,,,,,,,,0,,,,,,0,malmoez,356728832973078528,,,,,,0,malmoez,,3dcbb424082c681b426c2ca72e069dd7,,,,,,,,,,,,,,,,,0,,0,JustinSun,760084891822981130,,,,,,0,justinsun._.,,4e05384e862dbd173937b8a8b392ad8e,,,,,,0,,0,Greedy,1004057310580183070,,0,avaris__,,,,,,,,,,,,,,,,,,false,,,,,,,,,,,,,,,,,,,2026-03-13T09:48:44.025000+00:00,false,0,bizarro12345,
1480878745601572885,,,,,,10d86e1edf4cdef16401c63ed4d57410,a_795f81ea071513ca4394a53e009792ac,,1413650166774366279,,,,,0,,64,Bizarro,707511200765968464,,64,bizarro12345,,1362063455301144720,,"━━━━━━━━━━━━━━━ 💡NEW UPDATE!  💡━━━━━━━━━━━━━━━

                  🚀 [v5.0.0] — March 10, 2026  🚀

Improvements •  Fixes •  Optimizations

━━━━━━━━━━━━━━━━━━━━━━━━━━━━━━━━━━━━━━━━━━━━━━━

Evadus+ 🟣
+ Added reminder pop up for the Evadus+ Monitor ( <@717780323336847360> )
+ Bypasses all monitor check ( <@931156175850967050> , let me know if it works for you )
+ New stealth features ( Targeting libraries like AntiDbg and HookHunter )
+ Added specific error for non Unlimited users in Integrated AI Chat
+ Added more processes to the exclusion list ( <@356728832973078528> )
+ Added Claude 4.6 Sonnet to Integrated AI Chat


Evadus Core 🔵
+ Audio functionality for ALL AI models, even ones that don't support them natively
+ Added Claude 4.6 Sonnet ( Unlimited plans only )
+ Removed deprecation card of 3.7 Sonnet

⚪ Main app
+ Added resizing for smaller and larger screen to account for DPI scaling ( <@1004057310580183070> )
+ Fixed username displaying without formatting in ""My Account""
+ Automatically refreshes token if a connection drop happened whilst refreshing the token ( Caused Invalid credentials errors )",2026-03-10T10:43:26.348Z,,,,,,,,,,,,,,,,,,,,,,,,,,,0,,,false,,,,,,,,,,,,,,,,,,,,0,,,,,,0,malmoez,356728832973078528,,,,,,0,malmoez,,b0defe6f0cf033f020669ee9a511464e,,,,,,,,,,1353887038520430664,,,,,,,0,,0,Dxddel92,717780323336847360,,,,1353887038520430664,,0,d4ddel92,,c9ef82baa3d0dc83db26e612174a1f6d,,,,,,0,,64,KamKam,931156175850967050,,64,_abcxyz0002,,4e05384e862dbd173937b8a8b392ad8e,,,,,,0,,0,Greedy,1004057310580183070,,0,avaris__,,,false,,,,,,,,,,,,,,,,,,,2026-03-10T10:43:26.348000+00:00,false,0,bizarro12345,
1480227034616696872,,,,,,10d86e1edf4cdef16401c63ed4d57410,a_795f81ea071513ca4394a53e009792ac,,1413650166774366279,,,,,0,,64,Bizarro,707511200765968464,,64,bizarro12345,,1362063455301144720,,"━━━━━━━━━━━━━━━ 💡NEW UPDATE!  💡━━━━━━━━━━━━━━━

                  🚀 [v4.6.0] — March 8, 2026  🚀

Improvements •  Fixes •  Optimizations

━━━━━━━━━━━━━━━━━━━━━━━━━━━━━━━━━━━━━━━━━━━━━━━

Evadus+ 🟣
+ **HUGE NEW FEATURE** where you can access AI models in an integrated chat window (Will make a video on this tonight)
+ Added feature to choose your own Username for the RDP session ( <@1004057310580183070> )
+ Now adds AV exclusions BEFORE the app installs, preventing files from being deleted by Defender ( <@531694845505568769>  )

⚪ Website
+ Added legend to show which features are for which tools: https://evadus.wtf/#pricing",2026-03-08T15:33:46.341Z,2026-03-08T15:40:46.289000+00:00,,,,,,,,,,,,,,,,,,,,,,,,,,0,,,false,,,776e4ba657965e420d71c793dcd1a981,,,,,,,,,,,,,,,,,0,,,,,,0,♚♘SUPREME LEADER♞♔,531694845505568769,,,,,,0,meatrocket691350,,4e05384e862dbd173937b8a8b392ad8e,,,,,,,,,,,,,,,,,0,,0,Greedy,1004057310580183070,,,,,,0,avaris__,,,,,,,,,,,,,,,,,,,,,,,,,,,,,,,,,false,,,,,,,,,,,,,,,,,,,2026-03-08T15:33:46.341000+00:00,false,0,bizarro12345,
1479837316225695775,,,,,,10d86e1edf4cdef16401c63ed4d57410,a_795f81ea071513ca4394a53e009792ac,,1413650166774366279,,,,,0,,64,Bizarro,707511200765968464,,64,bizarro12345,,1362063455301144720,,"━━━━━━━━━━━━━━━ 💡NEW UPDATE!  💡━━━━━━━━━━━━━━━

                  🚀 [v4.5.1] — March 7, 2026  🚀

Improvements •  Fixes •  Optimizations

━━━━━━━━━━━━━━━━━━━━━━━━━━━━━━━━━━━━━━━━━━━━━━━

Evadus+ 🟣
+ Added PIA, MS teams, Steam and Ultraviewer to the hidden process list ( <@356728832973078528> )

Evadus Core 🔵
+ Added Desktop audio recording (combines mic audio and desktop audio into one clip, then sends it to the AI) [ ]

⚪ Updater
+ Fixed Login error bug (didn't affect functionality, but did confuse users)
+ Reduced minimum freeze time from 7 days to 4 days ( <@1321332356753264652> )",2026-03-07T13:45:10.236Z,,,,,,,,,,,,,,,,,,,,,,,,,,,0,,,false,,,,,,,,,,,,,,,,,,,,0,,,,,,0,malmoez,356728832973078528,,,,,,0,malmoez,,49df25b7be95eba9e71b3246008f12b5,,,,,,,,,,,,,,,,,0,,0,CeleronN4500,1321332356753264652,,,,,,0,celeron4500,,,,,,,,,,,,,,,,,,,,,,,,,,,,,,,,,false,,,,,,,,,,,,,,,,,,,2026-03-07T13:45:10.236000+00:00,false,0,bizarro12345,
1479570516158320661,,,,,,10d86e1edf4cdef16401c63ed4d57410,a_795f81ea071513ca4394a53e009792ac,,1413650166774366279,,,,,0,,64,Bizarro,707511200765968464,,64,bizarro12345,,1362063455301144720,,"━━━━━━━━━━━━━━━ 💡NEW UPDATE!  💡━━━━━━━━━━━━━━━

                  🚀 [v4.5.0] — March 6, 2026  🚀

Improvements •  Fixes •  Optimizations

━━━━━━━━━━━━━━━━━━━━━━━━━━━━━━━━━━━━━━━━━━━━━━━

Evadus+ 🟣
+ Fixed Respondus bug that would detect Gesture swipes
+ Fixed bug that would bleed through cursor for 3ms
+ Removed purple border when in fullscreen mode
+ Fully Undetectable hotkeys ( <@1019449877241012296> )
+ Hotkey customizer ( <@1007163115714117632>  )
+ Dynamic hotkey display in the RDP window and Title bar
+ Removed "" - 127.0.0.2 - Remote Desktop Connection"" from the title bar of the RDP window ( <@1314811697952985088> )
+ Many more stealth upgrades related to Minhook and hiding the RDP Wrapper installation, also improvements to stability and speed",2026-03-06T20:05:00.143Z,2026-03-07T10:30:55.530000+00:00,,,,,,,,,,,,,,,,,,,,,,,,,,0,,,false,,,43e02ae0adfe6ba242445bbb273fd046,,,,,,,,,,,,,,,,,0,,,,,,0,Tsuki,1007163115714117632,,,,,,0,tsuki1167,,3cb35f6c4da69a178e05561fc59665b6,,,,,,,,,,,,,,,,,0,,0,lowcapshub,1314811697952985088,,,,,,0,lowcapshub,,,,,,,,0,,0,Rambo9076286,1019449877241012296,,0,rambo9076286,,,,,,,,,,,,,,,,,,false,,,,,,,,,,,,,,,,,,,2026-03-06T20:05:00.143000+00:00,false,0,bizarro12345,
1478351449858768923,,,,,,10d86e1edf4cdef16401c63ed4d57410,a_795f81ea071513ca4394a53e009792ac,,1413650166774366279,,,,,0,,64,Bizarro,707511200765968464,,64,bizarro12345,,1362063455301144720,,"━━━━━━━━━━━━━━━ 💡NEW UPDATE!  💡━━━━━━━━━━━━━━━

                  🚀 [v4.4.2] — March 3, 2026  🚀

Improvements •  Fixes •  Optimizations

━━━━━━━━━━━━━━━━━━━━━━━━━━━━━━━━━━━━━━━━━━━━━━━

Evadus+ 🟣
+ Fixed Fullscreen bug sometimes not locking the cursor (Now works perfectly and reliably for in person exams)
+ Fixed PearsonVue bug requiring you to start monitoring after starting the app
+ Much better stability and consistency for 32- and 64 bit apps, much more universal now
+ Fully bypasses VMAware and all it's checks
+ Fixed bug that prevented use of ""Virtual Audio"", always defaulting to ""Raw Physical Audio""
+ Updated tutorial: https://youtu.be/IMWJin638BQ

Evadus Core 🔵
+ Temporarily routing all Gemini 3.1 Pro requests to Gemini 2.5 Pro, 3.1 Pro API is giving errors on Google's side",2026-03-03T11:20:52.088Z,2026-03-03T11:23:23.163000+00:00,,Evadus,https://www.youtube.com/channel/UC4ka_BhBhkwvq3NCVxddy6g,16711680,4,"A cheat made for every proctoring software and lockdown browser out there.

Download: https://evadus.wtf
Reddit: https://www.reddit.com/r/Evadus
Discord: https://discord.gg/64ZsNteakp
➖➖➖➖➖➖➖➖➖➖➖➖➖➖➖➖

Evadus+ is a tool and Virtual Environment (VE) to bypass any proctor on any online exam.

➖➖➖➖➖➖➖...",YouTube,https://www.youtube.com,image/jpeg,0,480,zjcODYRpdmeIh3dgmHiHlgGGfUUH,1,https://images-ext-1.discordapp.net/external/QseQcUl_tfI8stWoQRQy-E0UWCE323_L8aMJKN2AXNc/https/i.ytimg.com/vi/IMWJin638BQ/sddefault.jpg,https://i.ytimg.com/vi/IMWJin638BQ/sddefault.jpg,640,"How to cheat on Respondus, PearsonVue and Safe Exam Browser in 2026!",video,https://www.youtube.com/watch?v=IMWJin638BQ,0,720,zjcODYRpdmeIh3dgmHiHlgGGfUUH,1,https://www.youtube.com/embed/IMWJin638BQ,1280,1024,,,false,,,,,,,,,,,,,,,,,,,,,,,,,,,,,,,,,,,,,,,,,,,,,,,,,,,,,,,,,,,,,,,,,,,,,,,,,,,,,,,,,,,,,,,,,,,,,,,,,,false,,,,,,,,,,,,,,,,,,,2026-03-03T11:20:52.088000+00:00,false,0,bizarro12345,
1477248755588796467,,,,,,10d86e1edf4cdef16401c63ed4d57410,a_795f81ea071513ca4394a53e009792ac,,1413650166774366279,,,,,0,,64,Bizarro,707511200765968464,,64,bizarro12345,,1362063455301144720,,"━━━━━━━━━━━━━━━ 💡NEW UPDATE!  💡━━━━━━━━━━━━━━━

                  🚀 [v4.4.0] — February 28, 2026  🚀

Improvements •  Fixes •  Optimizations

━━━━━━━━━━━━━━━━━━━━━━━━━━━━━━━━━━━━━━━━━━━━━━━

Evadus+ 🟣
+ Fixed bug that would no correctly bound the cursor to the RDP feed
+ MASSIVE speed and security improvements
+ Stealth improvements, future proofing against potential detection improvements by proctors
+ Fixed ""Remote Audio"" showing up, you can now use your real Audio hardware, completely undetectable (check settings modal)
+ New window resizing mechanics, much more user-friendly

Evadus Core 🔵
+ Fixed Lag when generating large bodies of text
+ Removed Gemini 3 Pro Preview (Google is disabling the API in a week)
+ Automatic auto scroller
+ Fixed Gemini 3.1 Pro not showing up for Premium Users inside the Overlay",2026-02-28T10:19:09.287Z,,,,,,,,,,,,,,,,,,,,,,,,,,,0,,,false,,,,,,,,,,,,,,,,,,,,,,,,,,,,,,,,,,,,,,,,,,,,,,,,,,,,,,,,,,,,,,,,,,,,,,,,,,,,,,,,,,,,,,,,,,,,,,,,,,false,,,,,,,,,,,,,,,,,,,2026-02-28T10:19:09.287000+00:00,false,0,bizarro12345,
1475943800924012606,,,,,,10d86e1edf4cdef16401c63ed4d57410,a_795f81ea071513ca4394a53e009792ac,,1413650166774366279,,,,,0,,64,Bizarro,707511200765968464,,64,bizarro12345,,1362063455301144720,,"━━━━━━━━━━━━━━━ 💡NEW UPDATE!  💡━━━━━━━━━━━━━━━

                  🚀 [v4.3.2] — February 24, 2026  🚀

Improvements •  Fixes •  Optimizations

━━━━━━━━━━━━━━━━━━━━━━━━━━━━━━━━━━━━━━━━━━━━━━━

Evadus+ 🟣
+ Added feature to overlay windows on top of RDP window when in fullscreen
+ Removed bar showing up when in fullscreen when moving your mouse to the top of the screen
+ Added hotkey to instantly **EXIT** fullscreen and unlock RDP window ( <@1409043617569439765> ) [Ctrl+Alt+F]
+ Added hotkey to instantly **ENTER** fullscreen and lock RDP window ( <@1409043617569439765> ) [Ctrl+Alt+F]

This is a huge step forward for Evadus+ if you're writing in person exams, it'll allow you to instantly hide your cheat material/tools with just one hotkey.

Make sure to set your RDP resolution to the same resolution as your monitor in the settings.

Check out the latest update to see what I'm talking about!",2026-02-24T19:53:43.850Z,,,,,,,,,,,,,,,,,,,,,,,,,,,0,,,false,,,,,,,,,,,,,,,,,,,,0,,,,,,0,GoodPeople25,1409043617569439765,,,,,,0,xaraye_50915,,,,,,,,,,,,,,,,,,,,,,,,,,,,,,,,,,,,,,,,,,,,,,,,,,,,,,,,,,,,,,,false,,,,,,,,,,,,,,,,,,,2026-02-24T19:53:43.850000+00:00,false,0,bizarro12345,
1475811209856159794,,,,,,10d86e1edf4cdef16401c63ed4d57410,a_795f81ea071513ca4394a53e009792ac,,1413650166774366279,,,,,0,,64,Bizarro,707511200765968464,,64,bizarro12345,,1362063455301144720,,"━━━━━━━━━━━━━━━ 💡NEW UPDATE!  💡━━━━━━━━━━━━━━━

                  🚀 [v4.3.1] — February 24, 2026  🚀

Improvements •  Fixes •  Optimizations

━━━━━━━━━━━━━━━━━━━━━━━━━━━━━━━━━━━━━━━━━━━━━━━

Evadus Core 🔵
+ Added Stealth Feature, hides EVERYTHING in the overlay except the AI's answer, perfect for 2 camera exams ( <@848275925343010886> )
+ Added Formatting for Matrix math equations ( <@931156175850967050> )
+ Removed blank space at the bottom of the Settings modal
+ Increased file upload limit to 100KB (Unlimited Plans)

⚪ Updater
+ Fixed updater, you can download the new one from this URL https://updater.evadus.wtf/Evadus_Updater.exe",2026-02-24T11:06:51.676Z,,,,,,,,,,,,,,,,,,,,,,,,,,,0,,,false,,,c9ef82baa3d0dc83db26e612174a1f6d,,,,,,,,,,,,,,,,,0,,,,,,64,KamKam,931156175850967050,,,,,,64,_abcxyz0002,,df99992433557c86e10903a42f3ed003,,,,,,,,,,,,,,,,,0,,0,Jack Hunzicker,848275925343010886,,,,,,0,jackguar,,,,,,,,,,,,,,,,,,,,,,,,,,,,,,,,,false,,,,,,,,,,,,,,,,,,,2026-02-24T11:06:51.676000+00:00,false,0,bizarro12345,
1475617131432251432,,,,,,10d86e1edf4cdef16401c63ed4d57410,a_795f81ea071513ca4394a53e009792ac,,1413650166774366279,,,,,0,,64,Bizarro,707511200765968464,,64,bizarro12345,,1362063455301144720,,"━━━━━━━━━━━━━━━ 💡NEW UPDATE!  💡━━━━━━━━━━━━━━━

                  🚀 [v4.3.0] — February 23, 2026  🚀  (2 huge updates in one day I'm the fuckin goat)

Improvements •  Fixes •  Optimizations

━━━━━━━━━━━━━━━━━━━━━━━━━━━━━━━━━━━━━━━━━━━━━━━
Evadus+ 🟣
+ Changed window title from ""Evadus+"" to ""Secure Exam Window"" ( <@1314811697952985088> ) 
+ Refactored settings modal to remove blank space at the bottom
+ Added tooltip to better understand how the new Monitoring system works

Evadus Core 🔵
+ Fixed bug making Screensharing show a black screen
+ Fixed Screensharing chat messages not appearing in Evadus Core overlay
+ Added feature to upload files to AI models ( <@344739365249089538>  ) [Unlimited plans]
+ Fixed Audio recording bug, Voice messages now fully supported
+ Added Equalizer settings to microphone to help with low-quality mics
+ Added sound check feature to see how your audio sounds

⚪ Website
+ Restyled Screenshare page to look the same as the rest of the website

@everyone, IF YOU HAVE SUGGESTIONS FOR NEW FEATURES AND IMPROVEMENTS, POST THEM IN <#1383790437130702909>, I READ THEM ALL!",2026-02-23T22:15:39.774Z,,,,,,,,,,,,,,,,,,,,,,,,,,,0,,,true,,,3cb35f6c4da69a178e05561fc59665b6,,,,,,,,,,,,,,,,,0,,,,,,0,lowcapshub,1314811697952985088,,,,,,0,lowcapshub,,fc73aaa95e2cb08c4b9d37ed3ced72c9,,,,,,,,,,,,,nameplates/nameplates/cityscape/,COLLECTIBLES_NAMEPLATES_CITYSCAPE_A11Y,violet,1349849614286585866,0,,128,299792458,344739365249089538,,,,,,128,299792458,,,,,,,,,,,,,,,,,,,,,,,,,,,,,,,,,false,,,,,,,,,,,,,,,,,,,2026-02-23T22:15:39.774000+00:00,false,0,bizarro12345,
1475497820600537199,,,,,,10d86e1edf4cdef16401c63ed4d57410,a_795f81ea071513ca4394a53e009792ac,,1413650166774366279,,,,,0,,64,Bizarro,707511200765968464,,64,bizarro12345,,1362063455301144720,,"━━━━━━━━━━━━━━━ 💡NEW UPDATE!  💡━━━━━━━━━━━━━━━

                  🚀 [v4.2.2] — February 23, 2026  🚀

Improvements •  Fixes •  Optimizations

━━━━━━━━━━━━━━━━━━━━━━━━━━━━━━━━━━━━━━━━━━━━━━━

Evadus+ 🟣
+ Added support for all screen resolutions ( <@1314811697952985088> )
+ Added settings that can be toggled for RDP:
- Launch in Fullscreen
- Use Multiple Monitors
- Color Depth
- Mic options
- Clipboard enable and disable
- Font options
+ 8 new Detection vectors now spoofed as well
+ ALL mic issues now resolved, FriendlyName coming next",2026-02-23T14:21:33.855Z,2026-02-23T14:21:47.253000+00:00,,,,,,,,,,,,,,,,,,,,,,,,,,0,,,false,,,3cb35f6c4da69a178e05561fc59665b6,,,,,,,,,,,,,,,,,0,,,,,,0,lowcapshub,1314811697952985088,,,,,,0,lowcapshub,,,,,,,,,,,,,,,,,,,,,,,,,,,,,,,,,,,,,,,,,,,,,,,,,,,,,,,,,,,,,,,false,,,,,,,,,,,,,,,,,,,2026-02-23T14:21:33.855000+00:00,false,0,bizarro12345,
1474741870700789924,,,,,,10d86e1edf4cdef16401c63ed4d57410,a_795f81ea071513ca4394a53e009792ac,,1413650166774366279,,,,,0,,64,Bizarro,707511200765968464,,64,bizarro12345,,1362063455301144720,,"━━━━━━━━━━━━━━━ 💡NEW UPDATE!  💡━━━━━━━━━━━━━━━

                  🚀 [v4.2.1] — February 21, 2026  🚀

Improvements •  Fixes •  Optimizations

━━━━━━━━━━━━━━━━━━━━━━━━━━━━━━━━━━━━━━━━━━━━━━━

Evadus+ 🟣
+ Added border around RDP window when in the ""Locked"" state as a visual indicator
+ Loader window's now run headlessly, to avoid console window popping up during injection
+ Insane undetectability advancements, way too many to mention.
+ Fixed so many bugs, honestly forgot which ones they were 😂",2026-02-21T12:17:41.354Z,2026-02-21T12:17:51.409000+00:00,,,,,,,,,,,,,,,,,,,,,,,,,,0,,,false,,,,,,,,,,,,,,,,,,,,,,,,,,,,,,,,,,,,,,,,,,,,,,,,,,,,,,,,,,,,,,,,,,,,,,,,,,,,,,,,,,,,,,,,,,,,,,,,,,false,,,,,,,,,,,,,,,,,,,2026-02-21T12:17:41.354000+00:00,false,0,bizarro12345,
1474172145751035904,,,,,,10d86e1edf4cdef16401c63ed4d57410,a_795f81ea071513ca4394a53e009792ac,,1413650166774366279,,,,,0,,64,Bizarro,707511200765968464,,64,bizarro12345,,1362063455301144720,,"━━━━━━━━━━━━━━━ 💡NEW UPDATE!  💡━━━━━━━━━━━━━━━

                  🚀 [v4.2.0] — February 20, 2026  🚀

Improvements •  Fixes •  Optimizations

━━━━━━━━━━━━━━━━━━━━━━━━━━━━━━━━━━━━━━━━━━━━━━━

Evadus+ 🟣
+ Now exclusively uses low-level C code to minimize CPU load, allowing for higher polling speeds
+ Massively improved child process injection
+ Fixed bug regarding microphone's being blocked
+ Massively expanded list for process hiding

Evadus Core 🔵
+ Added Gemini 3.1 Pro, was released about 5 hours ago (Premium Plans)",2026-02-19T22:33:48.341Z,,,,,,,,,,,,,,,,,,,,,,,,,,,0,,,false,,,,,,,,,,,,,,,,,,,,,,,,,,,,,,,,,,,,,,,,,,,,,,,,,,,,,,,,,,,,,,,,,,,,,,,,,,,,,,,,,,,,,,,,,,,,,,,,,,false,,,,,,,,,,,,,,,,,,,2026-02-19T22:33:48.341000+00:00,false,0,bizarro12345,
1473358456672227380,,,,,,10d86e1edf4cdef16401c63ed4d57410,a_795f81ea071513ca4394a53e009792ac,,1413650166774366279,,,,,0,,64,Bizarro,707511200765968464,,64,bizarro12345,,1362063455301144720,,"━━━━━━━━━━━━━━━ 💡NEW UPDATE!  💡━━━━━━━━━━━━━━━

                  🚀 [v4.1.1] — February 17, 2026  🚀

Improvements •  Fixes •  Optimizations

━━━━━━━━━━━━━━━━━━━━━━━━━━━━━━━━━━━━━━━━━━━━━━━

Evadus+ 🟣
+ Fixed bug blocking microphone ( <@1198006209006022756> ) [Respondus and other Proctors]
+ Now uses CSV format for custom targets; faster and removed inefficiency
+ Added PSI Secure Bridge browser to the list",2026-02-17T16:40:29.747Z,,,,,,,,,,,,,,,,,,,,,,,,,,,0,,,false,,,,,,,,,,,,,,,,,,,,0,,,,,,0,j53521,1198006209006022756,,,,,,0,josh_53521,,,,,,,,,,,,,,,,,,,,,,,,,,,,,,,,,,,,,,,,,,,,,,,,,,,,,,,,,,,,,,,false,,,,,,,,,,,,,,,,,,,2026-02-17T16:40:29.747000+00:00,false,0,bizarro12345,
1472966066660704357,,,,,,10d86e1edf4cdef16401c63ed4d57410,a_795f81ea071513ca4394a53e009792ac,,1413650166774366279,,,,,0,,64,Bizarro,707511200765968464,,64,bizarro12345,,1362063455301144720,,"━━━━━━━━━━━━━━━ 💡NEW UPDATE!  💡━━━━━━━━━━━━━━━

                  🚀 [v4.1.0] — February 16, 2026  🚀

Improvements •  Fixes •  Optimizations

━━━━━━━━━━━━━━━━━━━━━━━━━━━━━━━━━━━━━━━━━━━━━━━

Evadus+ 🟣
+ New Grabber that is far superior to the previous version, eliminating many bugs
+ Custom title bar in RDP window, including hotkey to unlock window
+ New foundation for interception of Exam apps
+ Fixed SEB bug detecting no monitors
+ Fixed Inspera bug detecting multiple screens
+ Fixed RLDB bug not booting up
+ Exam apps can now be started without needing to launch them through the Evadus app
+ Automatically deletes old rdp file to prevent cache from blocking startups

Evadus Core 🔵
+ Added GPT-5.2 (Unlimited Plans)",2026-02-16T14:41:16.678Z,,,,,,,,,,,,,,,,,,,,,,,,,,,0,,,false,,,,,,,,,,,,,,,,,,,,,,,,,,,,,,,,,,,,,,,,,,,,,,,,,,,,,,,,,,,,,,,,,,,,,,,,,,,,,,,,,,,,,,,,,,,,,,,,,,false,,,,,,,,,,,,,,,,,,,2026-02-16T14:41:16.678000+00:00,false,0,bizarro12345,
1471894906623492339,,,,,,10d86e1edf4cdef16401c63ed4d57410,a_795f81ea071513ca4394a53e009792ac,,1413650166774366279,,,,,0,,64,Bizarro,707511200765968464,,64,bizarro12345,,1362063455301144720,,"━━━━━━━━━━━━━━━ 💡NEW UPDATE!  💡━━━━━━━━━━━━━━━

                  🚀 [v4.0.5] — February 13, 2026  🚀

Improvements •  Fixes •  Optimizations

━━━━━━━━━━━━━━━━━━━━━━━━━━━━━━━━━━━━━━━━━━━━━━━

Evadus Core 🔵
+ Implemented feature to save screenshots taken during a test (if you want to share them with your friends) [ <@1189679913226207245> ]
+ Integrated Deepseek V3.2 and V3.2 R1 (Unlimited Plans)
+ Fixed Ctrl+Shift+F7 not working ( <@268917187253633025> )
+ Integrated Claude Opus 4.6 (Unlimited Plans)
+ Fixed math symbols not showing correct (And other notations for Physics, Biology etc.) [ <@1024802456363876352> ]",2026-02-13T15:44:52.224Z,,,,,,,,,,,,,,,,,,,,,,,,,,,0,,,false,,,fec30367101d8e51dca3ef09642101c1,,a_c7b40675ee8e5d4a658a933629ac992f,,1440063059740852315,,,,26151aa4d27145fd98df2d59a97f6888,true,1135093604218589204,FOX,,,,,,0,,,,,,0,💜Sonarion,1024802456363876352,,26151aa4d27145fd98df2d59a97f6888,true,1135093604218589204,FOX,0,sonarion,,91bc39c1e58c236828bf9abce45dcaa6,,a_6f0c33fb534c1a0a21c606b50683e9a9,,1418326115910680656,,,,,,,,,nameplates/trick_or_treat/pile_of_bones_trick/,COLLECTIBLES_TRICK_OR_TREAT_PILE_OF_BONES_TRICK_NP_A11Y,berry,1420057111697821756,0,,256,Kongo,268917187253633025,,,,,,256,kongo,,469a68265d7725407300a890ffff86b6,,,,,,0,,0,Abhi,1189679913226207245,,0,abhi02076,,,,,,,,,,,,,,,,,,false,,,,,,,,,,,,,,,,,,,2026-02-13T15:44:52.224000+00:00,false,0,bizarro12345,
1470434122601201696,,,,,,10d86e1edf4cdef16401c63ed4d57410,a_795f81ea071513ca4394a53e009792ac,,1413650166774366279,,,,,0,,64,Bizarro,707511200765968464,,64,bizarro12345,,1362063455301144720,,"━━━━━━━━━━━━━━━ 💡NEW UPDATE!  💡━━━━━━━━━━━━━━━

                  🚀 [v4.0.4] — February 9, 2026  🚀

Improvements •  Fixes •  Optimizations

━━━━━━━━━━━━━━━━━━━━━━━━━━━━━━━━━━━━━━━━━━━━━━━

Evadus+ 🟣
+ Fixed problem that would give errors finding ""Loader_x64.exe"" and ""Loader_x86.exe"" ( <@467939455819579412> )

Evadus Core 🔵
+ Fixed Increase Opacity hotkey not working ( <@887746970897219585> )",2026-02-09T15:00:14.173Z,2026-02-09T15:01:04.388000+00:00,,,,,,,,,,,,,,,,,,,,,,,,,,0,,,false,,,,,,,,,,,,,,,,,,,,0,,,,,,0,,887746970897219585,,,,,,0,glenloganx,,df3e3e00ecca30929e0dbbd8cf22b9a8,,,,,,,,,,,,,,,,,0,,0,thomas,467939455819579412,,,,,,0,rehan05478,,,,,,,,,,,,,,,,,,,,,,,,,,,,,,,,,false,,,,,,,,,,,,,,,,,,,2026-02-09T15:00:14.173000+00:00,false,0,bizarro12345,
1469736824892162169,,,,,,10d86e1edf4cdef16401c63ed4d57410,a_795f81ea071513ca4394a53e009792ac,,1413650166774366279,,,,,0,,64,Bizarro,707511200765968464,,64,bizarro12345,,1362063455301144720,,"━━━━━━━━━━━━━━━ 💡NEW UPDATE!  💡━━━━━━━━━━━━━━━

                  🚀 [v4.0.3] — February 7, 2026  🚀

Improvements •  Fixes •  Optimizations

━━━━━━━━━━━━━━━━━━━━━━━━━━━━━━━━━━━━━━━━━━━━━━━

Evadus+ 🟣
+ Implemented ""Monitor"" system instead of ""Loader"" system, you can now start from external exam links without having needing to start the proctor from the Evadus app. **You also no longer need to start ""ProxyAgent64.exe"".**

Evadus Core 🔵
+ Fixed hotkeys bleeding through (specifically ctrl+shift)",2026-02-07T16:49:25.444Z,,,,,,,,,,,,,,,,,,,,,,,,,,,0,,,false,,,,,,,,,,,,,,,,,,,,,,,,,,,,,,,,,,,,,,,,,,,,,,,,,,,,,,,,,,,,,,,,,,,,,,,,,,,,,,,,,,,,,,,,,,,,,,,,,,false,,,,,,,,,,,,,,,,,,,2026-02-07T16:49:25.444000+00:00,false,0,bizarro12345,
1469072006279331920,,,,,,10d86e1edf4cdef16401c63ed4d57410,a_795f81ea071513ca4394a53e009792ac,,1413650166774366279,,,,,0,,64,Bizarro,707511200765968464,,64,bizarro12345,,1362063455301144720,,"━━━━━━━━━━━━━━━ 💡NEW UPDATE!  💡━━━━━━━━━━━━━━━

                  🚀 [v4.0.2] — February 5, 2026  🚀

Improvements •  Fixes •  Optimizations

━━━━━━━━━━━━━━━━━━━━━━━━━━━━━━━━━━━━━━━━━━━━━━━

Evadus+ 🟣
+ Added TestUser as Admin user
+ Added official support for **Lockdown Browser** and **PearsonVue** (BIG SHIT)
+ Renamed ""RdpLoaderAgent.exe"" to ""ProxyAgent64.exe""
+ Updated RDP installer ini files and improved installer for automatic offset finder (for future windows builds)
+ Automatic killer for ProxyAgent64.exe when you close the app
+ Fixed Loader running with a console window",2026-02-05T20:47:40.335Z,2026-02-05T20:50:42.705000+00:00,,,,,,,,,,,,,,,,,,,,,,,,,,0,,,false,,,,,,,,,,,,,,,,,,,,,,,,,,,,,,,,,,,,,,,,,,,,,,,,,,,,,,,,,,,,,,,,,,,,,,,,,,,,,,,,,,,,,,,,,,,,,,,,,,false,,,,,,,,,,,,,,,,,,,2026-02-05T20:47:40.335000+00:00,false,0,bizarro12345,
1468316698254905375,,,,,,10d86e1edf4cdef16401c63ed4d57410,a_795f81ea071513ca4394a53e009792ac,,1413650166774366279,,,,,0,,64,Bizarro,707511200765968464,,64,bizarro12345,,1362063455301144720,,"━━━━━━━━━━━━━━━ 💡NEW UPDATE!  💡━━━━━━━━━━━━━━━

                  🚀 [v4.0.0] — February 3, 2026  🚀

Improvements •  Fixes •  Optimizations

━━━━━━━━━━━━━━━━━━━━━━━━━━━━━━━━━━━━━━━━━━━━━━━

Evadus+ 🟣
+ Implemented new system, support for big proctors coming soon (Inspera, SEB and more currently supported)
+ Much Improved grabber for the RDP window
+ Removed need for Core isolation to be disabled
+ Improved RDP installer (RdpWrap_Master) to support latest Windows builds
+ Added feature to test your own exam platform (not all have been tested yet)

Evadus Core 🔵
+ Added feature to cycle AI models (Ctrl+Shift+R) [ <@887746970897219585> ]
+ Removed Claude 3.7 Sonnet (Deprecated by Anthropic, now defaults to 4.5 Sonnet)
+ Added Gemini 3 Pro to Premium Plans
+ Improved Default Rapid Fire thoughts prompt

⚪ ACCOUNT UPDATES:
+ Added feature to upgrade your subscription from Premium to Unlimited without paying full price (Bitcoin and Card payments supported)
+ Added a Subscription freezing feature, allowing you to save your subscription if you are not currently writing any exams",2026-02-03T18:46:20.869Z,,,,,,,,,,,,,,,,,,,,,,,,,,,0,,,false,,,,,,,,,,,,,,,,,,,,0,,,,,,0,,887746970897219585,,,,,,0,glenloganx,,,,,,,,,,,,,,,,,,,,,,,,,,,,,,,,,,,,,,,,,,,,,,,,,,,,,,,,,,,,,,,false,,,,,,,,,,,,,,,,,,,2026-02-03T18:46:20.869000+00:00,false,0,bizarro12345,
1464993366474489992,,,,,,10d86e1edf4cdef16401c63ed4d57410,a_795f81ea071513ca4394a53e009792ac,,1413650166774366279,,,,,0,,64,Bizarro,707511200765968464,,64,bizarro12345,,1362063455301144720,,"━━━━━━━━━━━━━━━ 💡NEW UPDATE!  💡━━━━━━━━━━━━━━━

                  🚀 [v3.4.3] — January 25, 2026  🚀

Improvements •  Fixes •  Optimizations

━━━━━━━━━━━━━━━━━━━━━━━━━━━━━━━━━━━━━━━━━━━━━━━

Evadus+ 🟣
+ Fixed values that revealed remote sessions
+ Fixed tool for grabbing RDP window
+ Better stability across windows versions",2026-01-25T14:40:36.828Z,,,,,,,,,,,,,,,,,,,,,,,,,,,0,,,false,,,,,,,,,,,,,,,,,,,,,,,,,,,,,,,,,,,,,,,,,,,,,,,,,,,,,,,,,,,,,,,,,,,,,,,,,,,,,,,,,,,,,,,,,,,,,,,,,,false,,,,,,,,,,,,,,,,,,,2026-01-25T14:40:36.828000+00:00,false,0,bizarro12345,
1457320287644422184,,,,,,10d86e1edf4cdef16401c63ed4d57410,a_795f81ea071513ca4394a53e009792ac,,1413650166774366279,,,,,0,,64,Bizarro,707511200765968464,,64,bizarro12345,,1362063455301144720,,"━━━━━━━━━━━━━━━ 💡NEW UPDATE!  💡━━━━━━━━━━━━━━━

                  🚀 [v3.3.8] — January 4, 2026  🚀

Improvements •  Fixes •  Optimizations

━━━━━━━━━━━━━━━━━━━━━━━━━━━━━━━━━━━━━━━━━━━━━━━

Evadus+ 🟣
+ No longer need to ""Setup This PC"" every update
+ No longer need to disable Anti-Virus (still need to disable ""Core Isolation"")
+ Spoofed Process names like mstsc.exe and discord.exe (60-ish apps in total)

I recommend downloading the new updater from the website, some changes have been made there too",2026-01-04T10:30:32.276Z,2026-01-22T11:44:51.553000+00:00,,,,,,,,,,,,,,,,,,,,,,,,,,0,,,false,,,,,,,,,,,,,,,,,,,,,,,,,,,,,,,,,,,,,,,,,,,,,,,,,,,,,,,,,,,,,,,,,,,,,,,,,,,,,,,,,,,,,,,,,,,,,,,,,,false,,,,,,,,,,,,,,,,,,,2026-01-04T10:30:32.276000+00:00,false,0,bizarro12345,
1455138624042696745,,,,,,10d86e1edf4cdef16401c63ed4d57410,a_795f81ea071513ca4394a53e009792ac,,1413650166774366279,,,,,0,,64,Bizarro,707511200765968464,,64,bizarro12345,,1362063455301144720,,"━━━━━━━━━━━━━━━ 💡NEW UPDATE!  💡━━━━━━━━━━━━━━━

                  🚀 [v3.3.6] — December 29, 2025  🚀

Improvements •  Fixes •  Optimizations

━━━━━━━━━━━━━━━━━━━━━━━━━━━━━━━━━━━━━━━━━━━━━━━

Evadus+ 🟣
+ V2 Open Beta!
+ Applied setting to always passthrough mic ( <@219205045420425216> )
+ Fixed bug that would always force fullscreen ( <@279020355077799946> )
+ Applied setting to always sign into TestUser automatically ( <@219205045420425216> )
+ Implemented feature to ""grab"" cursor

Evadus ⚪ (Main app)
+ Updated in app uninstaller to also uninstall RDP Wrapper",2025-12-29T10:01:23.140Z,2026-01-22T11:44:45.371000+00:00,,,,,,,,,,,,,,,,,,,,,,,,,,0,,,false,,,43f2256fb7b3724704bfbe461318bdd8,,,,,,,,,,,,,,,,,0,,,,,,0,Dustin,219205045420425216,,,,,,0,dus10k,,9b1afc91617843eaeab030936ce255b3,,a_c46ea0826e16fb1abf09ce0b56669d69,1779408000,1481685548509954162,,,,,,,,,,,,,0,,128,Thomas Shelby,279020355077799946,,,,,,128,0guilhermelopes,,,,,,,,,,,,,,,,,,,,,,,,,,,,,,,,,false,,,,,,,,,,,,,,,,,,,2025-12-29T10:01:23.140000+00:00,false,0,bizarro12345,
1443293840906911744,,,,,,10d86e1edf4cdef16401c63ed4d57410,a_795f81ea071513ca4394a53e009792ac,,1413650166774366279,,,,,0,,64,Bizarro,707511200765968464,,64,bizarro12345,,1362063455301144720,,"━━━━━━━━━━━━━━━ 💡NEW UPDATE!  💡━━━━━━━━━━━━━━━

                  🚀 [v3.2.8] — November 26, 2025  🚀

Improvements •  Fixes •  Optimizations

━━━━━━━━━━━━━━━━━━━━━━━━━━━━━━━━━━━━━━━━━━━━━━━

Evadus Core 🔵
+ Added display for which AI model you have selected inside of the overlay
+ Added GPT-5.1 (Unlimited plans)
+ Fixed bug that would not send through custom hotkeys to overlay
+ Light/Dark theme toggler ( <@1208846891681587200> )

Evadus ⚪ (Main app)
+ Fixed bug that cause a black screen when screensharing",2025-11-26T17:34:26.775Z,,,,,,,,,,,,,,,,,,,,,,,,,,,0,,,false,,,32505052f098289f074dce223bbbc68a,,,,,,,,,,,,,,,,,0,,,,,,0,Shoeb Shaikh 💎,1208846891681587200,,,,,,0,sk.shoeb,,,,,,,,,,,,,,,,,,,,,,,,,,,,,,,,,,,,,,,,,,,,,,,,,,,,,,,,,,,,,,,false,,,,,,,,,,,,,,,,,,,2025-11-26T17:34:26.775000+00:00,false,0,bizarro12345,
1440042427116294214,,,,,,10d86e1edf4cdef16401c63ed4d57410,a_795f81ea071513ca4394a53e009792ac,,1413650166774366279,,,,,0,,64,Bizarro,707511200765968464,,64,bizarro12345,,1362063455301144720,,"━━━━━━━━━━━━━━━ 💡  NEW UPDATE!  💡 ━━━━━━━━━━━━━━━

          🚀 [v3.1.3] — November 17, 2025 🚀

    Improvements •  Fixes •  Optimizations

━━━━━━━━━━━━━━━━━━━━━━━━━━━━━━━━━━━━━━━━━━━━━━━

Evadus Core 🔵
+ Added Claude 4.5 Sonnet, GPT-5 and Gemini 3 Pro as selectable models (Only Unlimited plans)
+ Cleaned up Controls modal, now grouping AI models by family
+ Revamped controls section inside the Overlay

On the website, we also added daily plans starting at $10, get it before the prices increase!",2025-11-17T18:14:29.319Z,2025-11-22T19:44:14.525000+00:00,,,,,,,,,,,,,,,,,,,,,,,,,,0,,,false,,,,,,,,,,,,,,,,,,,,,,,,,,,,,,,,,,,,,,,,,,,,,,,,,,,,,,,,,,,,,,,,,,,,,,,,,,,,,,,,,,,,,,,,,,,,,,,,,,false,,,,,,,,,,,,,,,,,,,2025-11-17T18:14:29.319000+00:00,false,0,bizarro12345,
1437109890572353566,,,,,,10d86e1edf4cdef16401c63ed4d57410,a_795f81ea071513ca4394a53e009792ac,,1413650166774366279,,,,,0,,64,Bizarro,707511200765968464,,64,bizarro12345,,1362063455301144720,,"━━━━━━━━━━━━━━━ 💡  NEW UPDATE!  💡 ━━━━━━━━━━━━━━━

          🚀 [v3.1.0] — November 9, 2025 🚀

    Improvements •  Fixes •  Optimizations

━━━━━━━━━━━━━━━━━━━━━━━━━━━━━━━━━━━━━━━━━━━━━━━

Evadus Core 🔵
+ Added Gemini 2.5 Flash & Flash Lite as selectable models
+ Added Screensharing support inside of the overlay (v3.0.6)
+ NEW hotkey customizer (for both overlay and screenshotting controls)",2025-11-09T16:01:38.123Z,,,,,,,,,,,,,,,,,,,,,,,,,,,0,,,false,,,,,,,,,,,,,,,,,,,,,,,,,,,,,,,,,,,,,,,,,,,,,,,,,,,,,,,,,,,,,,,,,,,,,,,,,,,,,,,,,,,,,,,,,,,,,,,,,,false,,,,,,,,,,,,,,,,,,,2025-11-09T16:01:38.123000+00:00,false,0,bizarro12345,
1431365863998492857,,,,,,10d86e1edf4cdef16401c63ed4d57410,a_795f81ea071513ca4394a53e009792ac,,1413650166774366279,,,,,0,,64,Bizarro,707511200765968464,,64,bizarro12345,,1362063455301144720,,"━━━━━━━━━━━━━━━ 💡  NEW UPDATE!  💡 ━━━━━━━━━━━━━━━

          🚀 [v3.0.0] — October 24, 2025 🚀

    Improvements •  Fixes •  Optimizations

━━━━━━━━━━━━━━━━━━━━━━━━━━━━━━━━━━━━━━━━━━━━━━━

Evadus Core 🔵
+ Consolidated all hotkeys under the Ctrl + Shift modifiers
+ Fixed bug that cut off RFT

Evadus ⚪ (Main app)
+ Added feature to ignore an update


**BIGGEST OF ALL:**

**A SCREENSHARING FEATURE, showcased in our new Evadus Lite demo video.**

**Currently only available for Evadus+ and Evadus Lite, integration with Evadus Core coming next.**",2025-10-24T19:36:55.469Z,,,,,,,,,,,,,,,,,,,,,,,,,,,0,,,false,,,,,,,,,,,,,,,,,,,,,,,,,,,,,,,,,,,,,,,,,,,,,,,,,,,,,,,,,,,,,,,,,,,,,,,,,,,,,,,,,,,,,,,,,,,,,,,,,,false,,,,,,,,,,,,,,,,,,,2025-10-24T19:36:55.469000+00:00,false,0,bizarro12345,
1429397636011790347,,,,,,10d86e1edf4cdef16401c63ed4d57410,a_795f81ea071513ca4394a53e009792ac,,1413650166774366279,,,,,0,,64,Bizarro,707511200765968464,,64,bizarro12345,,1362063455301144720,,"━━━━━━━━━━━━━━━ 💡  NEW UPDATE!  💡 ━━━━━━━━━━━━━━━

          🚀 [v2.5.5] — October 19, 2025 🚀

    Improvements •  Fixes •  Optimizations

━━━━━━━━━━━━━━━━━━━━━━━━━━━━━━━━━━━━━━━━━━━━━━━
Evadus Lite 🟢
+ Massive UI improvements
+ Fixed bookmark dialogue option bug
+ Added a auto-permission granter

Evadus+ 🟣
+ VM hardware profile, instead of randomizing all metadata on startup
+ File/Folder sharing between host and guest
+ Fixed bug that would pass 3rd hotkey press through to the guest
+ **-6 GB** File size
+ Fully spoofed CD/DVD drives, no longer requiring powershell scripts at startup",2025-10-19T09:15:53.349Z,,,,,,,,,,,,,,,,,,,,,,,,,,,0,,,false,,,,,,,,,,,,,,,,,,,,,,,,,,,,,,,,,,,,,,,,,,,,,,,,,,,,,,,,,,,,,,,,,,,,,,,,,,,,,,,,,,,,,,,,,,,,,,,,,,false,,,,,,,,,,,,,,,,,,,2025-10-19T09:15:53.349000+00:00,false,0,bizarro12345,
1426505650262773800,,,,,,10d86e1edf4cdef16401c63ed4d57410,a_795f81ea071513ca4394a53e009792ac,,1413650166774366279,,,,,0,,64,Bizarro,707511200765968464,,64,bizarro12345,,1362063455301144720,,"━━━━━━━━━━━━━━━ 💡  NEW UPDATE!  💡 ━━━━━━━━━━━━━━━

          🚀 [v2.4.8] — October 11, 2025 🚀

    Improvements •  Fixes •  Optimizations

━━━━━━━━━━━━━━━━━━━━━━━━━━━━━━━━━━━━━━━━━━━━━━━
Evadus Core 🔵
+ Fixed bug that would delay RFT
+ Fixed bug that caused screenshotting delay

Evadus+ 🟣
+ Added automatic debugging that fixes common problems

Evadus ⚪ (Main app)
+ Fixed bug that would pop up Connection Lost banner preventing App Hide
+ New section to uninstall the app and/or Virtual Machine
+ Added check in updater for multiple installations, will also prevent many bugs
+ Plenty of UI/QoL updates",2025-10-11T09:44:10.216Z,2025-10-11T09:55:09.421000+00:00,,,,,,,,,,,,,,,,,,,,,,,,,,0,,,false,,,,,,,,,,,,,,,,,,,,,,,,,,,,,,,,,,,,,,,,,,,,,,,,,,,,,,,,,,,,,,,,,,,,,,,,,,,,,,,,,,,,,,,,,,,,,,,,,,false,,,,,,,,,,,,,,,,,,,2025-10-11T09:44:10.216000+00:00,false,0,bizarro12345,
1423619911476838460,,,,,,10d86e1edf4cdef16401c63ed4d57410,a_795f81ea071513ca4394a53e009792ac,,1413650166774366279,,,,,0,,64,Bizarro,707511200765968464,,64,bizarro12345,,1362063455301144720,,"━━━━━━━━━━━━━━━ 💡  NEW UPDATE!  💡 ━━━━━━━━━━━━━━━

          🚀 [v2.4.0] — October 3, 2025 🚀

    Improvements •  Fixes •  Optimizations

━━━━━━━━━━━━━━━━━━━━━━━━━━━━━━━━━━━━━━━━━━━━━━━
Evadus Core 🔵
+ Stats for each selectable AI model
+ Fixed bug that forced logout after 50 min ( <@268917187253633025> )

Evadus+ 🟣
+ Fixed USB passthrough not working ( <@362365630571085827> )
+ Storage check as prerequisite

Evadus ⚪ (Main app)
+ Safe shutdown, no longer force closing all services if you misclick
+ Fixed world map display bug",2025-10-03T10:37:16.475Z,,,,,,,,,,,,,,,,,,,,,,,,,,,0,,,false,,,91bc39c1e58c236828bf9abce45dcaa6,,a_6f0c33fb534c1a0a21c606b50683e9a9,,1418326115910680656,,,,,,,,,nameplates/trick_or_treat/pile_of_bones_trick/,COLLECTIBLES_TRICK_OR_TREAT_PILE_OF_BONES_TRICK_NP_A11Y,berry,1420057111697821756,0,,,,,,256,Kongo,268917187253633025,,,,,,256,kongo,,2c1e2553aedecd65d61cffa4e7613896,,,,,,,,c08ecb1ef98d938294b1db84ca629ef7,true,1445239045969023170,shag,,,,,,0,,0,ImAGoofyGoonerYeah,362365630571085827,,c08ecb1ef98d938294b1db84ca629ef7,true,1445239045969023170,shag,0,vibe_corner,,,,,,,,,,,,,,,,,,,,,,,,,,,,,,,,,false,,,,,,,,,,,,,,,,,,,2025-10-03T10:37:16.475000+00:00,false,0,bizarro12345,
1422264891129200651,,,,,,10d86e1edf4cdef16401c63ed4d57410,a_795f81ea071513ca4394a53e009792ac,,1413650166774366279,,,,,0,,64,Bizarro,707511200765968464,,64,bizarro12345,,1362063455301144720,,"━━━━━━━━━━━━━━━ 💡  NEW UPDATE!  💡 ━━━━━━━━━━━━━━━

          🚀 [v2.3.1] — September 29, 2025 🚀

    Improvements •  Fixes •  Optimizations

━━━━━━━━━━━━━━━━━━━━━━━━━━━━━━━━━━━━━━━━━━━━━━━
Evadus Lite 🟢
+ Fixed screenshot hotkey bug

Evadus+ 🟣
+ FIXED FULLSCREEN LAG
+ Fixed powershell scripts not completing on startup
+ -2GB file size (23G -> 21GB)
+ Compatible with any x86 CPU
+ More XP awarded for usage

Evadus ⚪ (Main app)
+ Check for already running instance of app
+ Fixed resizing for laptop screens",2025-09-29T16:52:54.449Z,,,,,,,,,,,,,,,,,,,,,,,,,,,0,,,false,,,,,,,,,,,,,,,,,,,,,,,,,,,,,,,,,,,,,,,,,,,,,,,,,,,,,,,,,,,,,,,,,,,,,,,,,,,,,,,,,,,,,,,,,,,,,,,,,,false,,,,,,,,,,,,,,,,,,,2025-09-29T16:52:54.449000+00:00,false,0,bizarro12345,
1421854573328335040,,,,,,10d86e1edf4cdef16401c63ed4d57410,a_795f81ea071513ca4394a53e009792ac,,1413650166774366279,,,,,0,,64,Bizarro,707511200765968464,,64,bizarro12345,,1362063455301144720,,"━━━━━━━━━━━━━━━ 💡  NEW UPDATE!  💡 ━━━━━━━━━━━━━━━

          🚀 [v2.2.8] — September 28, 2025 🚀

    Improvements •  Fixes •  Optimizations

━━━━━━━━━━━━━━━━━━━━━━━━━━━━━━━━━━━━━━━━━━━━━━━
Evadus+ 🟣
+ Custom accelerator option inside the VM (more compatible with ARM CPU's)
+ Fixed bug that reported Logical Processors instead of Actual Cores
+ More resource allocation options

Evadus ⚪ (Main app)
+ Server region selector (Tokyo, Iowa or Paris), with more coming soon",2025-09-28T13:42:27.062Z,,,,,,,,,,,,,,,,,,,,,,,,,,,0,,,false,,,,,,,,,,,,,,,,,,,,,,,,,,,,,,,,,,,,,,,,,,,,,,,,,,,,,,,,,,,,,,,,,,,,,,,,,,,,,,,,,,,,,,,,,,,,,,,,,,false,,,,,,,,,,,,,,,,,,,2025-09-28T13:42:27.062000+00:00,false,0,bizarro12345,
1421071300524511242,,,,,,10d86e1edf4cdef16401c63ed4d57410,a_795f81ea071513ca4394a53e009792ac,,1413650166774366279,,,,,0,,64,Bizarro,707511200765968464,,64,bizarro12345,,1362063455301144720,,"━━━━━━━━━━━━━━━ 💡  NEW UPDATE!  💡 ━━━━━━━━━━━━━━━

          🚀 [v2.2.6] — September 26, 2025 🚀

    Improvements •  Fixes •  Optimizations

━━━━━━━━━━━━━━━━━━━━━━━━━━━━━━━━━━━━━━━━━━━━━━━
Evadus Core 🔵
+ Hotkeys synced locally only + auto-saver

Evadus+ 🟣
+ Automatic updater for the VM
+ Custom CPU emulation

Evadus ⚪ (Main app)
+ Diagnostics for easier debugging
+ Migrated all servers to US-Central

To get the new automatic updater, delete your current one, go to the website, press the download button, don't download the main app again, just download the automatic updater",2025-09-26T09:50:00.273Z,,,,,,,,,,,,,,,,,,,,,,,,,,,0,,,false,,,,,,,,,,,,,,,,,,,,,,,,,,,,,,,,,,,,,,,,,,,,,,,,,,,,,,,,,,,,,,,,,,,,,,,,,,,,,,,,,,,,,,,,,,,,,,,,,,false,,,,,,,,,,,,,,,,,,,2025-09-26T09:50:00.273000+00:00,false,0,bizarro12345,
1419736330661007512,,,,,,10d86e1edf4cdef16401c63ed4d57410,a_795f81ea071513ca4394a53e009792ac,,1413650166774366279,,,,,0,,64,Bizarro,707511200765968464,,64,bizarro12345,,1362063455301144720,,"━━━━━━━━━━━━━━━ 💡  NEW UPDATE!  💡 ━━━━━━━━━━━━━━━

          🚀 [v2.2.1] — September 22, 2025 🚀

    Improvements •  Fixes •  Optimizations

━━━━━━━━━━━━━━━━━━━━━━━━━━━━━━━━━━━━━━━━━━━━━━━
Evadus Lite 🟢
+ Complete system for undetectable Hotkeys

Evadus Core (New name) 🔵
+ Complete system for undetectable Hotkeys

Evadus+ 🟣
+ The ""Alt"" key when using hotkeys will no longer be detectable (Honorlock users)
+ VM installer will now check for multiple installations of the app (caused many different problems)

WEBSITE ALSO GOT OVERHAULED, CHECK IT OUT: https://evadus.wtf

To install this new update, navigate to the install directory of Evadus, and delete the ""Virtual_Machine"" folder. Then launch the app again, and you will see the pop up to download the VM installer, download it again.

We will also be working on an automatic updater for the Virtual Machine, coming soon.

📌 Current Priority List (in order):
> Custom USB drivers for wider webcam support",2025-09-22T17:25:18.655Z,,,,,,,,,,,,,,,,,,,,,,,,,,,0,,,false,,,,,,,,,,,,,,,,,,,,,,,,,,,,,,,,,,,,,,,,,,,,,,,,,,,,,,,,,,,,,,,,,,,,,,,,,,,,,,,,,,,,,,,,,,,,,,,,,,false,,,,,,,,,,,,,,,,,,,2025-09-22T17:25:18.655000+00:00,false,0,bizarro12345,
1417245261646008361,,,,,,10d86e1edf4cdef16401c63ed4d57410,a_795f81ea071513ca4394a53e009792ac,,1413650166774366279,,,,,0,,64,Bizarro,707511200765968464,,64,bizarro12345,,1362063455301144720,,"━━━━━━━━━━━━━━━ 💡  NEW UPDATE! (DEFINITIVE RESPONDUS PATCH)  💡 ━━━━━━━━━━━━━━━

          🚀 [v2.1.4] — September 15, 2025 🚀

    Improvements •  Fixes •  Optimizations

━━━━━━━━━━━━━━━━━━━━━━━━━━━━━━━━━━━━━━━━━━━━━━━
Evadus+ 🟣
+ TOTAL resistance to RDTSC timing attacks, regardless of hardware
+ Switched Pycaw audio to WASAPI (should fix all of the mic problems)

To install this new update, navigate to the install directory of Evadus, and delete the ""Virtual_Machine"" folder. Then launch the app again, and you will see the pop up to download the VM installer, download it again.

We will also be working on an automatic updater for the Virtual Machine, coming soon.

📌 Current Priority List (in order):
> Custom USB drivers for wider webcam support",2025-09-15T20:26:41.520Z,,,,,,,,,,,,,,,,,,,,,,,,,,,0,,,false,,,,,,,,,,,,,,,,,,,,,,,,,,,,,,,,,,,,,,,,,,,,,,,,,,,,,,,,,,,,,,,,,,,,,,,,,,,,,,,,,,,,,,,,,,,,,,,,,,false,,,,,,,,,,,,,,,,,,,2025-09-15T20:26:41.520000+00:00,false,0,bizarro12345,
1416520624129441963,,,,,,10d86e1edf4cdef16401c63ed4d57410,a_795f81ea071513ca4394a53e009792ac,,1413650166774366279,,,,,0,,64,Bizarro,707511200765968464,,64,bizarro12345,,1362063455301144720,,"━━━━━━━━━━━━━━━ 💡  NEW UPDATE!  💡 ━━━━━━━━━━━━━━━

          🚀 [v2.1.0] — September 13, 2025 🚀

    Improvements •  Fixes •  Optimizations

━━━━━━━━━━━━━━━━━━━━━━━━━━━━━━━━━━━━━━━━━━━━━━━
Evadus Lite 🟢
+ Fixed Audio bug in dialogue boxes
+ Programmatic movement and minimizing using hotkeys
+ Restore tabs on startup feature

Evadus 🔵
+ Fixed shift sticky key bug of ""Run in Background"" ( <@1189679913226207245> )
+ Custom Rapid Fire Thoughts prompt ( <@1189679913226207245> )
+ Optimized server speeds for main answer generation

Evadus+ 🟣
+ CPU model compatible with Intel- Xeon and Core processors, and AMD- Ryzen and EPYC processors
+ Better compatibility and performance with lower-end hardware and budget laptops

Main app:
+ Total Cheating time and join date stats inside of the app
+ Better XP tracking and updating

📌 Current Priority List (in order):
> Wider support for webcams
> Leaderboard on website
> Respondus patch
> Worldmap showing current active users",2025-09-13T20:27:14.473Z,,,,,,,,,,,,,,,,,,,,,,,,,,,0,,,false,,,469a68265d7725407300a890ffff86b6,,,,,,,,,,,,,,,,,0,,,,,,0,Abhi,1189679913226207245,,,,,,0,abhi02076,,,,,,,,,,,,,,,,,,,,,,,,,,,,,,,,,,,,,,,,,,,,,,,,,,,,,,,,,,,,,,,false,,,,,,,,,,,,,,,,,,,2025-09-13T20:27:14.473000+00:00,false,0,bizarro12345,
1415350702309380269,,,,,,10d86e1edf4cdef16401c63ed4d57410,a_795f81ea071513ca4394a53e009792ac,,1413650166774366279,,,,,0,,64,Bizarro,707511200765968464,,64,bizarro12345,,1362063455301144720,,"━━━━━━━━━━━━━━━ 💡  NEW UPDATE!  💡 ━━━━━━━━━━━━━━━

          🚀 [v2.0.0] — September 10, 2025 🚀

    Improvements •  Fixes •  Optimizations

━━━━━━━━━━━━━━━━━━━━━━━━━━━━━━━━━━━━━━━━━━━━━━━
Evadus Lite 🟢
+ Dialogue Boxes hidden from Screen recordings
+ Suppressed Tooltips and cursor changes from web pages
+ Supprssed low level cursor changes
+ XP Counter

Evadus 🔵
+ Fixed shift sticky key bug ( <@1189679913226207245> )
+ XP Counter

Evadus+ 🟣
+ XP counter

Read the post in <#1362063386099060940>, some very important additional info.",2025-09-10T14:58:23.375Z,,,,,,,,,,,,,,,,,,,,,,,,,,,0,,,false,,,469a68265d7725407300a890ffff86b6,,,,,,,,,,,,,,,,,0,,,,,,0,Abhi,1189679913226207245,,,,,,0,abhi02076,,,,,,,,,,,,,,,,,,,,,,,,,,,,,,,,,,,,,,,,,,,,,,,,,,,,,,,,,,,,,,,false,,,,,,,,,,,,,,,,,,,2025-09-10T14:58:23.375000+00:00,false,0,bizarro12345,
1412457925674274847,,,,,,10d86e1edf4cdef16401c63ed4d57410,a_795f81ea071513ca4394a53e009792ac,,1413650166774366279,,,,,0,,64,Bizarro,707511200765968464,,64,bizarro12345,,1362063455301144720,,"━━━━━━━━━━━━━━━ 💡  NEW UPDATE!  💡 ━━━━━━━━━━━━━━━

          🚀 [v1.2.9] — September 2, 2025 🚀

    Improvements •  Fixes •  Optimizations

━━━━━━━━━━━━━━━━━━━━━━━━━━━━━━━━━━━━━━━━━━━━━━━
Evadus+ 🟣
+ Custom Virtual Camera (more compatibility with laptop webcams and fixes a black screen bug)
+ Dynamically spoofed RAM values
+ Dynamically spoofed CPU metadata
+ New CPU model, compatible with Intel Xeon processors ( <@1161481881515216976>  ) 
+ Increased performance inside the VM, thanks to the better emulated CPU model

To install this new update, navigate to the install directory of Evadus, and delete the ""Virtual_Machine"" folder. Then launch the app again, and you will see the pop up to download the VM installer, download it again.

We will also be working on an automatic updater for the Virtual Machine, coming soon.

📌 Current Priority List (in order):
> Leaderboards for top users, update will include custom usernames for anonymity
> Discord bot",2025-09-02T15:23:31.680Z,,,,,,,,,,,,,,,,,,,,,,,,,,,0,,,false,,,071e961bd681fb3e12a9aeb821b04268,,,,,,,,,,,,,,,,,0,,,,,,0,Nathan Silva,1161481881515216976,,,,,,0,nathansilva_46632,,,,,,,,,,,,,,,,,,,,,,,,,,,,,,,,,,,,,,,,,,,,,,,,,,,,,,,,,,,,,,,false,,,,,,,,,,,,,,,,,,,2025-09-02T15:23:31.680000+00:00,false,0,bizarro12345,
1411454571804360786,,,,,,10d86e1edf4cdef16401c63ed4d57410,a_795f81ea071513ca4394a53e009792ac,,1413650166774366279,,,,,0,,64,Bizarro,707511200765968464,,64,bizarro12345,,1362063455301144720,,"━━━━━━━━━━━━━━━ 💡  NEW UPDATE! (THE RESPONDUS PATCH)  💡 ━━━━━━━━━━━━━━━

          🚀 [v1.2.9] — August 30, 2025 🚀

    Improvements •  Fixes •  Optimizations

━━━━━━━━━━━━━━━━━━━━━━━━━━━━━━━━━━━━━━━━━━━━━━━
Evadus+ 🟣
+ Fully ACPI tables spoof:
   - DSDT, HPET, FACM, MCFG etc.
+ Powershell network bug fixed
+ Troubleshooting guide inside the app, as well as prerequisites
+ Custom BIOS/Firmware
+ Mouse button release feature for grabbing ( <@1409043617569439765>  )

If you use Evadus+ for Respondus (I know who they are so don't lie), react to this message with an emoji to get an extra 3 weeks, as compensation for the downtime.

To install this new update, navigate to the install directory of Evadus, and delete the ""Virtual_Machine"" folder. Then launch the app again, and you will see the pop up to download the VM installer, download it again.

We will also be working on an automatic updater for the Virtual Machine, coming soon.

This update also requires you to update the main app, but that's easy.

📌 Current Priority List (in order):
> Custom GPU Drivers and more for Evadus+",2025-08-30T20:56:33.476Z,2025-08-30T21:00:31.372000+00:00,,,,,,,,,,,,,,,,,,,,,,,,,,0,,,false,,,,,,,,,,,,,,,,,,,,0,,,,,,0,GoodPeople25,1409043617569439765,,,,,,0,xaraye_50915,,,,,,,,,,,,,,,,,,,,,,,,,,,,,,,,,,,,,,,,,,,,,,,,,,,,,,,,,,,,,,,false,,,,0,false,1,0,1,,✅,false,false,,,,,,,2025-08-30T20:56:33.476000+00:00,false,0,bizarro12345,
1409563023391326309,,,,,,10d86e1edf4cdef16401c63ed4d57410,a_795f81ea071513ca4394a53e009792ac,,1413650166774366279,,,,,0,,64,Bizarro,707511200765968464,,64,bizarro12345,,1362063455301144720,,"━━━━━━━━━━━━━━━ 💡  NEW UPDATE!  💡 ━━━━━━━━━━━━━━━

          🚀 [v1.2.1] — August 25, 2025 🚀

    Improvements •  Fixes •  Optimizations

━━━━━━━━━━━━━━━━━━━━━━━━━━━━━━━━━━━━━━━━━━━━━━━

Evadus 🔵
+ Fixed bug that would massively delay the rapid fire thoughts and detailed answer
+ Less & faster network communications
+ Speed optimizations in server
+ Fixed bug that would force down the shift key

The bug that would force down the shift key seems to fixed on my end, however if anyone still experiences it, please let me know.

📌 Current Priority List (in order):
> Custom Firmware and ACPI tables for Evadus+ (Respondus patch)",2025-08-25T15:40:13.191Z,2025-08-25T16:04:54.859000+00:00,,,,,,,,,,,,,,,,,,,,,,,,,,0,,,false,,,,,,,,,,,,,,,,,,,,,,,,,,,,,,,,,,,,,,,,,,,,,,,,,,,,,,,,,,,,,,,,,,,,,,,,,,,,,,,,,,,,,,,,,,,,,,,,,,false,,,,,,,,,,,,,,,,,,,2025-08-25T15:40:13.191000+00:00,false,0,bizarro12345,
1409254812079358062,,,,,,10d86e1edf4cdef16401c63ed4d57410,a_795f81ea071513ca4394a53e009792ac,,1413650166774366279,,,,,0,,64,Bizarro,707511200765968464,,64,bizarro12345,,1362063455301144720,,"━━━━━━━━━━━━━━━ 💡  NEW UPDATE!  💡 ━━━━━━━━━━━━━━━

          🚀 [v1.1.8] — August 24, 2025 🚀

    Improvements •  Fixes •  Optimizations

━━━━━━━━━━━━━━━━━━━━━━━━━━━━━━━━━━━━━━━━━━━━━━━
Evadus Lite 🟢
+ Implented hooks that will prevent any cursor changes when using the browser, HUGE stealth upgrade
+ Automatic toggler for screenshot section, removed the manual one

Evadus 🔵
+ Thinner scrollbar for Evadus Overlay
+ Fixed controls section hotkey toggle bug
+ Fixed bug that would force a logout on internet connection loss

Evadus+ 🟣
+ Added a loading mechanism for refreshing the USB List
+ Removed console window that would pop up when starting the VM
+ Fixed powershell network setup script that would sometimes require a manual restart
+ Inverted the fallback and primary method for setting up the TAP adapter, since the primary was failing most times forcing the backup method, causing most users to think it was a critical error


📌 Current Priority List (in order):
> Full stealth implementation for the Evadus+ Virtual Machine. This update will be enough to be called a ""V2"", and will easily make it the best cheating Virtual Machine ever.
> Server-to-host connection method overhaul for the Evadus app.",2025-08-24T19:15:29.888Z,,,,,,,,,,,,,,,,,,,,,,,,,,,0,,,false,,,,,,,,,,,,,,,,,,,,,,,,,,,,,,,,,,,,,,,,,,,,,,,,,,,,,,,,,,,,,,,,,,,,,,,,,,,,,,,,,,,,,,,,,,,,,,,,,,false,,,,,,,,,,,,,,,,,,,2025-08-24T19:15:29.888000+00:00,false,0,bizarro12345,
1408089561447272448,,,,,,10d86e1edf4cdef16401c63ed4d57410,a_795f81ea071513ca4394a53e009792ac,,1413650166774366279,,,,,0,,64,Bizarro,707511200765968464,,64,bizarro12345,,1362063455301144720,,"━━━━━━━━━━━━━━━ 💡  NEW UPDATE!  💡 ━━━━━━━━━━━━━━━

          🚀 [v1.1.7] — August 21, 2025 🚀

    Improvements •  Fixes •  Optimizations

━━━━━━━━━━━━━━━━━━━━━━━━━━━━━━━━━━━━━━━━━━━━━━━
Evadus 🔵
+ Scrollbar  for rapid fire thoughts
Evadus+ 🟣
+ Custom USB server implemented (unlimted & faster USB device passthroughs, not detectable)
+ Improved resistance to RDTSC attacks
+ Upgraded to a 256GB Drive (still the same file size locally, however looks more believable inside the VM)
+ TAP Connection instead of Bridge (faster, more compatible and less setup)
+ Auto save feature for selecting resources (RAM and Cores)
+ Auto save feature for selecting USB devices to passthrough

To passthrough a USB device, you can know select them from inside the Evadus app, no longer inside of the VM itself. You can also select as many as you want.

To install this new update, navigate to the install directory of Evadus, and delete the ""Virtual_Machine"" folder. Then launch the app again, and you will see the pop up to download the VM installer, download it again.

We will also be working on an automatic updater for the Virtual Machine, coming soon.

📌 Current Priority List (in order):
> Server-to-host connection method overhaul, slow connections from the Evadus app to the server. The current setup is very poorly optimized, and causes a multitude of different problems, which aren't acceptable.
> Quality of life updates in the Evadus app, such as no longer forcing a logout if internet connection is lost or automatically restarting the VM if it crashes

Thank you for everyone that has been signing up and buying credits, we are currently sitting at exactly 99 users, can't wait for what lies ahead.",2025-08-21T14:05:12.488Z,2025-08-21T14:11:16.091000+00:00,,,,,,,,,,,,,,,,,,,,,,,,,,0,,,false,,,,,,,,,,,,,,,,,,,,,,,,,,,,,,,,,,,,,,,,,,,,,,,,,,,,,,,,,,,,,,,,,,,,,,,,,,,,,,,,,,,,,,,,,,,,,,,,,,false,,,,,,,,,,,,,,,,,,,2025-08-21T14:05:12.488000+00:00,false,0,bizarro12345,
1406242057588052030,,,,,,10d86e1edf4cdef16401c63ed4d57410,a_795f81ea071513ca4394a53e009792ac,,1413650166774366279,,,,,0,,64,Bizarro,707511200765968464,,64,bizarro12345,,1362063455301144720,,"━━━━━━━━━━━━━━━ 💡  NEW UPDATE!  💡 ━━━━━━━━━━━━━━━

          🚀 [v1.1.6] — August 16, 2025 🚀

    Improvements •  Fixes •  Optimizations

━━━━━━━━━━━━━━━━━━━━━━━━━━━━━━━━━━━━━━━━━━━━━━━
🟣 **Evadus+**
> Complete cursor passthrough rework (Stealthier)
> -5GB File size (Smaller)
> Bridged connection, no longer relying on host (Faster), also improves webcam performance

We are currently working on our own USB passthrough server, since the current one has limitations on how many you can passthrough. Will announce once the update is ready. This update is meant to fix some issues that people were experiencing.

To install this new update, navigate to install directory of Evadus, and delete the ""Virtual_Machine"" folder. Then launch the app again, and you will see the pop up to download the VM installer, download it again.

There is one additional setup step needed, I will be making a new video for Evadus+ shortly.",2025-08-16T11:43:53.243Z,2025-08-16T15:38:01.391000+00:00,,,,,,,,,,,,,,,,,,,,,,,,,,0,,,false,,,,,,,,,,,,,,,,,,,,,,,,,,,,,,,,,,,,,,,,,,,,,,,,,,,,,,,,,,,,,,,,,,,,,,,,,,,,,,,,,,,,,,,,,,,,,,,,,,false,,,,,,,,,,,,,,,,,,,2025-08-16T11:43:53.243000+00:00,false,0,bizarro12345,
1404548885707358238,,,,,,10d86e1edf4cdef16401c63ed4d57410,a_795f81ea071513ca4394a53e009792ac,,1413650166774366279,,,,,0,,64,Bizarro,707511200765968464,,64,bizarro12345,,1362063455301144720,,"━━━━━━━━━━━━━━━ 💡  NEW UPDATE!  💡 ━━━━━━━━━━━━━━━

          🚀 [v1.1.2] — August 11, 2025 🚀

    Improvements •  Fixes •  Optimizations

━━━━━━━━━━━━━━━━━━━━━━━━━━━━━━━━━━━━━━━━━━━━━━━


🔵 𝗘𝘃𝗮𝗱𝘂𝘀  — The core cheating experience, perfected.
━━━━━━━━━━━━━━━━━━━━━━━━━
🆕 New:
> AI Model Selection: Claude 3.7 Sonnet, GPT-4o, Gemini 2.5 Pro

🐛 Fixes:
> Auth Error causing forced logouts
> Settings save not working bug


⚙️ Improvements:
> Controls Overlay UI Rework
> UI Rework of Evadus Overlay

━━━━━━━━━━━━━━━━━━━━━━━━━

🟢 𝗘𝘃𝗮𝗱𝘂𝘀 𝗟𝗶𝘁𝗲  — Simple. Fast. Free.
━━━━━━━━━━━━━━━━━━━━━━━━━

⚙️ Improvements:
> UI rework to be more color consistent with new icons

━━━━━━━━━━━━━━━━━━━━━━━━━

📌 Current Priority List (in order):

> Cheating overlay tailored for Technical Interviews
> Integrated Evadus+ Virtual Machine cheating tool, instead of only a undetectable VM

━━━━━━━━━━━━━━━ 🔁 REMINDER 🔁 ━━━━━━━━━━━━━━━
To get the latest version:
1️⃣ Uninstall your current version
2️⃣ Download the new build from our website:

🔗 https://evadus.wtf/
━━━━━━━━━━━━━━━━━━━━━━━━━━━━━━━━━━━━━━━━━━━━━━━",2025-08-11T19:35:49.609Z,2025-08-11T22:18:10.941000+00:00,,,,,,,,,,,,,,,,,,,,,,,,,,0,,,false,,,,,,,,,,,,,,,,,,,,,,,,,,,,,,,,,,,,,,,,,,,,,,,,,,,,,,,,,,,,,,,,,,,,,,,,,,,,,,,,,,,,,,,,,,,,,,,,,,false,,,,,,,,,,,,,,,,,,,2025-08-11T19:35:49.609000+00:00,false,0,bizarro12345,
1403060059587477706,,,,,,10d86e1edf4cdef16401c63ed4d57410,a_795f81ea071513ca4394a53e009792ac,,1413650166774366279,,,,,0,,64,Bizarro,707511200765968464,,64,bizarro12345,,1362063455301144720,,"━━━━━━━━━━━━━━━ 💡  NEW UPDATE!  💡 ━━━━━━━━━━━━━━━

          🚀 [v1.1.0] — August 7, 2025 🚀

    Improvements •  Fixes •  Optimizations

━━━━━━━━━━━━━━━━━━━━━━━━━━━━━━━━━━━━━━━━━━━━━━━


🔵 𝗘𝘃𝗮𝗱𝘂𝘀  — The core cheating experience, perfected.
━━━━━━━━━━━━━━━━━━━━━━━━━
🆕 New:
> Low level Keyboard hotkeys which can't be detected by anything else except our app
> Now using Gemini 2.0 Flash for Rapid Fire thoughts

🐛 Fixes:
> Auth Error causing forced logouts
> Text color bug inside of the Overlay, causing headings to be grey not white
> Sticky keys error fixed


⚙️ Improvements:
> General UI improvements and color consistency

━━━━━━━━━━━━━━━━━━━━━━━━━


━━━━━━━━━━━━━━━ 🔁 REMINDER 🔁 ━━━━━━━━━━━━━━━
To get the latest version:
1️⃣ Uninstall your current version
2️⃣ Download the new build from our website:

🔗 https://evadus.wtf/
━━━━━━━━━━━━━━━━━━━━━━━━━━━━━━━━━━━━━━━━━━━━━━━",2025-08-07T16:59:45.801Z,2025-08-07T17:31:31.105000+00:00,,,,,,,,,,,,,,,,,,,,,,,,,,0,,,false,,,,,,,,,,,,,,,,,,,,,,,,,,,,,,,,,,,,,,,,,,,,,,,,,,,,,,,,,,,,,,,,,,,,,,,,,,,,,,,,,,,,,,,,,,,,,,,,,,false,,,,,,,,,,,,,,,,,,,2025-08-07T16:59:45.801000+00:00,false,0,bizarro12345,
1402570853966676070,,,,,,10d86e1edf4cdef16401c63ed4d57410,a_795f81ea071513ca4394a53e009792ac,,1413650166774366279,,,,,0,,64,Bizarro,707511200765968464,,64,bizarro12345,,1362063455301144720,,"━━━━━━━━━━━━━━━ 💡  NEW UPDATE!  💡 ━━━━━━━━━━━━━━━

          🚀 [v1.0.0] — August 6, 2025 🚀

    Improvements •  Fixes •  Optimizations

━━━━━━━━━━━━━━━━━━━━━━━━━━━━━━━━━━━━━━━━━━━━━━━


🟢 𝗘𝘃𝗮𝗱𝘂𝘀 𝗟𝗶𝘁𝗲  — Simple. Fast. Free.
━━━━━━━━━━━━━━━━━━━━━━━━━
🆕 New:
> Screenshotting feature
> Column to drag and drop screenshots into websites
> Width and Height controller
> Hotkey customizer for screenshotting

🐛 Fixes:
>  No fixes or improvements needed

⚙️ Improvements:
>  No fixes or improvements needed

━━━━━━━━━━━━━━━━━━━━━━━━━


━━━━━━━━━━━━━━━ 🔁 REMINDER 🔁 ━━━━━━━━━━━━━━━
To get the latest version:
1️⃣ Uninstall your current version
2️⃣ Download the new build from our website:

🔗 https://evadus.wtf/
━━━━━━━━━━━━━━━━━━━━━━━━━━━━━━━━━━━━━━━━━━━━━━━",2025-08-06T08:35:50.092Z,2025-08-06T08:48:35.049000+00:00,,,,,,,,,,,,,,,,,,,,,,,,,,0,,,false,,,,,,,,,,,,,,,,,,,,,,,,,,,,,,,,,,,,,,,,,,,,,,,,,,,,,,,,,,,,,,,,,,,,,,,,,,,,,,,,,,,,,,,,,,,,,,,,,,false,,,,,,,,,,,,,,,,,,,2025-08-06T08:35:50.092000+00:00,false,0,bizarro12345,